ID,Type,SKU,"GTIN, UPC, EAN, or ISBN",Name,Published,"Is featured?","Visibility in catalog","Short description",Description,"Date sale price starts","Date sale price ends","Tax status","Tax class","In stock?",Stock,"Low stock amount","Backorders allowed?","Sold individually?","Weight (kg)","Length (cm)","Width (cm)","Height (cm)","Allow customer reviews?","Purchase note","Sale price","Regular price",Categories,Tags,"Shipping class",Images,"Download limit","Download expiry days",Parent,"Grouped products",Upsells,Cross-sells,"External URL","Button text",Position,"Swatches Attributes",Brands,"Attribute 1 name","Attribute 1 value(s)","Attribute 1 visible","Attribute 1 global"
365,simple,11Y,,"GLOVE VISE<sup>TM</sup>",1,0,visible,"No golf glove should be placed within the golf bag after a round. Often moist and/or damp, the double sided back and white hook &amp; loop GLOVE VISE (TM) allows the golfer to attach the corresponding hook &amp; loop on their golf glove to the hook &amp; loop on the Glove Vise(TM).\n\nThe patent pending GLOVE VISE(TM) comes with a snap hook to attach to the bag. It also attaches underneath an umbrella for those student golfers who must walk and are often caught in the rain!",,,,taxable,,1,,,0,0,,,,,1,,,12.95,"All Products, All Products > GLOVE VISE™",,,"https://findgolfgifts.com/wp-content/uploads/2024/11/2A.webp, https://findgolfgifts.com/wp-content/uploads/2024/11/PinterInd_2A_GloveVice_0001-scaled.jpg, https://findgolfgifts.com/wp-content/uploads/2024/11/PinterInd_2A_GloveVice_0002-scaled.jpg, https://findgolfgifts.com/wp-content/uploads/2024/11/PinterInd_2A_GloveVice_0003-scaled.jpg, https://findgolfgifts.com/wp-content/uploads/2024/11/PinterInd_2A_GloveVice_0004-scaled.jpg, https://findgolfgifts.com/wp-content/uploads/2024/11/PinterInd_2A_GloveVice_0005-scaled.jpg",,,,,,,,,0,,,,,,
367,simple,14Y,,"Magnetic Glove Vise<sup>TM</sup>",1,0,visible,"For those golfers who like to air out that spare golf glove, the MAGNETIC GLOVE VISE might just work for you. It attaches to your Golf Bag, or a magnetic spot on your golf cart. Let that damp glove dry itself out in the breeze.",,,,taxable,,1,,,0,0,,,,,1,,,24.95,"All Products, All Products > GLOVE VISE™",,,"https://findgolfgifts.com/wp-content/uploads/2024/11/PinterInd_2B_MagneticGloveVice_0002-scaled.jpg, https://findgolfgifts.com/wp-content/uploads/2024/11/2B.jpg, https://findgolfgifts.com/wp-content/uploads/2024/11/PinterInd_2B_MagneticGloveVice_0001-scaled.jpg, https://findgolfgifts.com/wp-content/uploads/2024/11/PinterInd_2B_MagneticGloveVice_0002-scaled.jpg, https://findgolfgifts.com/wp-content/uploads/2024/11/PinterInd_2B_MagneticGloveVice_0003-scaled.jpg, https://findgolfgifts.com/wp-content/uploads/2024/11/2B.webp",,,,,,,,,0,,,,,,
389,simple,27Y,,"TEE TOOL<sup>®</sup>",1,0,visible,"The TeeTool(R) has been in development for over 5 years. It has quite a bit of patent work and design behind it. It has been developed to the point that we are currently producing it only as a 3D print product. Therefore, you won’t see much of this particular product in the market yet. We want additional consumer feedback. It has been designed to comfortably fit in the golfer’s pocket or attached to the MAX on the golf bag. Its magnetic end point, when in the pocket, can help retrieve that lost ball mark. It includes a STAINLESS STEEL divot repair tool bearing the name TeeTool, a special spring slot for the ball mark, and 3 slots for various size golf tees. It was designed to hold a number of popular golf tees in the market, but specifically a popular brand that offers multiple size golf tees. The TeeTool offers the golfer the “complete accessories package”!\n\n(Max Magnet is sold separately or as a part of Tee Tool Combo Kit)","The TeeTool™ uses three Pride Professional Tee System golf Tees™.  These Tees are the enhanced design and increased stability golf Tees produced by Pride.  As noted on their packaging, these tees are aerodynamically designed for the longer drives.  For these reasons, we selected the Pride Tees for use with our patented TeeTool™ product.  The TeeTool™ holds all three golf tees so that you will always have the size tee that you need at the Tee Box!\nThese are the three Pride Performance Plastic Golf Tee ™ sizes: 3 ¼” & 2 ¾” & 1 ½” Tee Lengths.  These Tees are Trademarked Tees and products of Pride Golf Tee, Brentwood, TN and are not the property of this website.",,,taxable,,1,,,0,0,,,,,1,,,24.95,"All Products, All Products > SPECIAL ORDER 3D PRINTS",,,"https://findgolfgifts.com/wp-content/uploads/2024/11/PinterInd_5A_TeeTool_0001-scaled.jpg, https://findgolfgifts.com/wp-content/uploads/2024/11/PinterInd_5A_TeeTool_0002-scaled.jpg, https://findgolfgifts.com/wp-content/uploads/2024/11/PinterInd_5A_TeeTool_0003-scaled.jpg, https://findgolfgifts.com/wp-content/uploads/2024/12/3D-1.webp, https://findgolfgifts.com/wp-content/uploads/2024/11/3D-and-5A-1.jpg, https://findgolfgifts.com/wp-content/uploads/2024/11/IMG_9761.webp",,,,,,,,,0,,,,,,
390,simple,28Y,,"TEE TOOL<sup>®</sup> SLIM",1,0,visible,"Over the years, you will occasionally hear complaints from some golfers who keep their golf tees and ball marks in their pockets. At some point they either poke their finger, eventually ruin their pants pocket, or sometimes can’t even find the ball mark deep within their pocket. The TeeTool(R) SLIM, was developed to be the solution to those concerns, but with one popular golf tee in mind! The single TeeKeeper(R) can handle most pocket golf tees, but the SLIM was designed for the larger thicker shaft tees and golf heads. It even has a patented inner portion to accept and snap-in the STEP TEE ridge of certain golf tees. With a magnet on its end, it can find the missing pocket ball mark, OR, it can attach to apparel or a golf bag using the MINI or the MAX! It currently is being produced as a 3D print product.","The TeeTool™ SLIM was specifically designed to hold the popular MARTINI® GOLF TEE as a means to cover the point of the tee so that there are no pokes in the hand or pocket from the tip of the Tee.  This is an issue with most golf tees since most maintain a point for easier placement in the ground.  What is especially unique in our design is that the TeeTool™ SLIM will hold the standard 3 ¼” Martini® Golf Tee or, via a special inner snap ridge, the 3 ¼”  (Step-Up) Martini® Golf Tee as well.",,,taxable,,1,,,0,0,,,,,1,,,8.95,"All Products, All Products > SPECIAL ORDER 3D PRINTS",,,"https://findgolfgifts.com/wp-content/uploads/2024/11/0516238ddb8f35a2193e063d2db18e5b.png, https://findgolfgifts.com/wp-content/uploads/2024/11/PinterInd_5B_TeeToolSlim_0005.webp, https://findgolfgifts.com/wp-content/uploads/2024/11/PinterInd_5B_TeeToolSlim_0006.webp, https://findgolfgifts.com/wp-content/uploads/2024/11/PinterInd_5B_TeeToolSlim_0001.webp, https://findgolfgifts.com/wp-content/uploads/2024/11/PinterInd_5B_TeeToolSlim_0002.webp, https://findgolfgifts.com/wp-content/uploads/2024/11/PinterInd_5B_TeeToolSlim_0003.webp, https://findgolfgifts.com/wp-content/uploads/2024/11/image30.webp, https://findgolfgifts.com/wp-content/uploads/2024/11/image31.webp, https://findgolfgifts.com/wp-content/uploads/2024/11/image29-Copy.webp, https://findgolfgifts.com/wp-content/uploads/2024/11/image29.webp",,,,,,,,,0,,,,,,
394,simple,5G,,"GOLF CHARACTER® <br> ""Happy Birthday""",1,0,visible,"This Patented product has been popular for years. Many of these characters are a total combination of golf products. The base is a poker size ball mark. The arms are two 3 1/4” golf tees. The interior, of course, are playable golf balls, and the cap is a golf ball holder called the CaddiCap(R). Some characters such as the “tournament characters” will not have the CaddiCap(R) hat, but are still in the Golf Character family. We hope to introduce more characters in the years ahead!",,,,taxable,,1,,,0,0,,,,,1,,,17.95,"All Products, All Products > GOLF CHARACTERS",,,"https://findgolfgifts.com/wp-content/uploads/2024/11/untitled-0046-scaled.jpg, https://findgolfgifts.com/wp-content/uploads/2024/11/untitled-0047-scaled.jpg, https://findgolfgifts.com/wp-content/uploads/2024/11/untitled-0048-scaled.jpg, https://findgolfgifts.com/wp-content/uploads/2024/11/untitled-0059-scaled.jpg",,,,,,,,,0,,,,,,
395,simple,6G,,"GOLF CHARACTER® <br> ""Nutcracker""",1,0,visible,"This Patented product has been popular for years. Many of these characters are a total combination of golf products. The base is a poker size ball mark. The arms are two 3 1/4” golf tees. The interior, of course, are playable golf balls, and the cap is a golf ball holder called the CaddiCap(R). Some characters such as the “tournament characters” will not have the CaddiCap(R) hat, but are still in the Golf Character family. We hope to introduce more characters in the years ahead!",,,,taxable,,1,,,0,0,,,,,1,,,17.95,"All Products, All Products > GOLF CHARACTERS",,,"https://findgolfgifts.com/wp-content/uploads/2024/11/untitled-0042-scaled.jpg, https://findgolfgifts.com/wp-content/uploads/2024/11/untitled-0043-scaled.jpg, https://findgolfgifts.com/wp-content/uploads/2024/11/untitled-0044-scaled.jpg, https://findgolfgifts.com/wp-content/uploads/2024/11/untitled-0045-scaled.jpg, https://findgolfgifts.com/wp-content/uploads/2024/11/untitled-0064-scaled.jpg",,,,,,,,,0,,,,,,
396,simple,8G,,"GOLF CHARACTER® <br> ""Snowman""",1,0,visible,"This Patented product has been popular for years. Many of these characters are a total combination of golf products. The base is a poker size ball mark. The arms are two 3 1/4” golf tees. The interior, of course, are playable golf balls, and the cap is a golf ball holder called the CaddiCap(R). Some characters such as the “tournament characters” will not have the CaddiCap(R) hat, but are still in the Golf Character family. We hope to introduce more characters in the years ahead!",,,,taxable,,1,,,0,0,,,,,1,,,17.95,"All Products, All Products > GOLF CHARACTERS",,,"https://findgolfgifts.com/wp-content/uploads/2024/11/untitled-0030-scaled.jpg, https://findgolfgifts.com/wp-content/uploads/2024/11/untitled-0031-scaled.jpg, https://findgolfgifts.com/wp-content/uploads/2024/11/untitled-0032-scaled.jpg, https://findgolfgifts.com/wp-content/uploads/2024/11/untitled-0033-scaled.jpg",,,,,,,,,0,,,,,,
397,simple,1G,,"GOLF CHARACTER® <br> ""DAD Sport Coat""",1,0,visible,"This Patented product has been popular for years. Many of these characters are a total combination of golf products. The base is a poker size ball mark. The arms are two 3 1/4” golf tees. The interior, of course, are playable golf balls, and the cap is a golf ball holder called the CaddiCap(R). Some characters such as the “tournament characters” will not have the CaddiCap(R) hat, but are still in the Golf Character family. We hope to introduce more characters in the years ahead!",,,,taxable,,1,,,0,0,,,,,1,,,17.95,"All Products, All Products > GOLF CHARACTERS",,,"https://findgolfgifts.com/wp-content/uploads/2024/11/untitled-0038-scaled.jpg, https://findgolfgifts.com/wp-content/uploads/2024/11/untitled-0039-scaled.jpg, https://findgolfgifts.com/wp-content/uploads/2024/11/untitled-0040-scaled.jpg, https://findgolfgifts.com/wp-content/uploads/2024/11/untitled-0041-scaled.jpg",,,,,,,,,0,,,,,,
398,simple,2G,,"GOLF CHARACTER® <br> ""DAD Hawaiian Shirt""",1,0,visible,"This Patented product has been popular for years. Many of these characters are a total combination of golf products. The base is a poker size ball mark. The arms are two 3 1/4” golf tees. The interior, of course, are playable golf balls, and the cap is a golf ball holder called the CaddiCap(R). Some characters such as the “tournament characters” will not have the CaddiCap(R) hat, but are still in the Golf Character family. We hope to introduce more characters in the years ahead!",,,,taxable,,1,,,0,0,,,,,1,,,17.95,"All Products, All Products > GOLF CHARACTERS",,,"https://findgolfgifts.com/wp-content/uploads/2024/11/untitled-0034-scaled.jpg, https://findgolfgifts.com/wp-content/uploads/2024/11/untitled-0035-scaled.jpg, https://findgolfgifts.com/wp-content/uploads/2024/11/untitled-0036-scaled.jpg, https://findgolfgifts.com/wp-content/uploads/2024/11/untitled-0037-scaled.jpg",,,,,,,,,0,,,,,,
399,simple,3G,,"GOLF CHARACTER® <br> ""Amishman""",1,0,visible,"This Patented product has been popular for years. Many of these characters are a total combination of golf products. The base is a poker size ball mark. The arms are two 3 1/4” golf tees. The interior, of course, are playable golf balls, and the cap is a golf ball holder called the CaddiCap(R). Some characters such as the “tournament characters” will not have the CaddiCap(R) hat, but are still in the Golf Character family. We hope to introduce more characters in the years ahead!",,,,taxable,,1,,,0,0,,,,,1,,,17.95,"All Products, All Products > GOLF CHARACTERS",,,"https://findgolfgifts.com/wp-content/uploads/2024/11/untitled-0026-scaled.jpg, https://findgolfgifts.com/wp-content/uploads/2024/11/untitled-0027-scaled.jpg, https://findgolfgifts.com/wp-content/uploads/2024/11/untitled-0028-scaled.jpg, https://findgolfgifts.com/wp-content/uploads/2024/11/untitled-0029-scaled.jpg",,,,,,,,,0,,,,,,
400,simple,7G,,"GOLF CHARACTER® <br> ""International Golfer (Purple)""",1,0,visible,"This Patented product has been popular for years. Many of these characters are a total combination of golf products. The base is a poker size ball mark. The arms are two 3 1/4” golf tees. The interior, of course, are playable golf balls, and the cap is a golf ball holder called the CaddiCap(R). Some characters such as the “tournament characters” will not have the CaddiCap(R) hat, but are still in the Golf Character family. We hope to introduce more characters in the years ahead!",,,,taxable,,1,,,0,0,,,,,1,,,17.95,"All Products, All Products > GOLF CHARACTERS",,,"https://findgolfgifts.com/wp-content/uploads/2024/11/untitled-0050-scaled.jpg, https://findgolfgifts.com/wp-content/uploads/2024/11/untitled-0051-scaled.jpg, https://findgolfgifts.com/wp-content/uploads/2024/11/untitled-0052-scaled.jpg, https://findgolfgifts.com/wp-content/uploads/2024/11/untitled-0053-scaled.jpg",,,,,,,,,0,,,,,,
401,simple,4G,,"GOLF CHARACTER® <br>""International Golfer (Blue)""",1,0,visible,"This Patented product has been popular for years. Many of these characters are a total combination of golf products. The base is a poker size ball mark. The arms are two 3 1/4” golf tees. The interior, of course, are playable golf balls, and the cap is a golf ball holder called the CaddiCap(R). Some characters such as the “tournament characters” will not have the CaddiCap(R) hat, but are still in the Golf Character family. We hope to introduce more characters in the years ahead!",,,,taxable,,1,,,0,0,,,,,1,,,17.95,"All Products, All Products > GOLF CHARACTERS",,,"https://findgolfgifts.com/wp-content/uploads/2024/11/untitled-0060-scaled.jpg, https://findgolfgifts.com/wp-content/uploads/2024/11/untitled-0056-scaled.jpg, https://findgolfgifts.com/wp-content/uploads/2024/11/untitled-0057-scaled.jpg, https://findgolfgifts.com/wp-content/uploads/2024/11/untitled-0058-scaled.jpg",,,,,,,,,0,,,,,,
1037,simple,2Z,,"CADDICAP CARBON LEANING POST & Ball Boon<sup>TM</sup>",1,0,visible,,,,,taxable,,1,,,0,0,,,,,1,,,79.95,"All Products, All Products > CARBON ROD GOLF SPECIALTY POLES",,,"https://findgolfgifts.com/wp-content/uploads/2025/01/PinterInd_GolfProds_121724_0058.webp, https://findgolfgifts.com/wp-content/uploads/2025/01/PinterInd_GolfProds_121724_0056.webp, https://findgolfgifts.com/wp-content/uploads/2025/01/PinterInd_GolfProds_121724_0065.webp, https://findgolfgifts.com/wp-content/uploads/2025/01/PinterInd_GolfProds_121724_0050.webp, https://findgolfgifts.com/wp-content/uploads/2025/01/PinterInd_GolfProds_121724_0055.webp",,,,,,,,,0,,,,,,
1044,simple,6Y,,"BallVise <sup>TM</sup>Golf Bag Telescoping Ball & Towel Holder",1,0,visible,"<div>This unique telescoping golf ball holder was designed specifically for the new magnetic ball towel.  It simply attaches to the side of the golf bag and allows for quick and easy access to the golf towel or other accessories mounted onto the magnetic golf ball. The telescoping feature allows for modest height adjustments for the golf towel.</div>\n<div></div>",,,,taxable,,1,,,0,0,,,,,1,,,14.95,"All Products, All Products > OTHER CURRENT PRODUCTS",,,"https://findgolfgifts.com/wp-content/uploads/2024/12/PinterInd_3H_BallVise_0001.webp, https://findgolfgifts.com/wp-content/uploads/2024/12/PinterInd_3H_BallVise_0007.webp, https://findgolfgifts.com/wp-content/uploads/2024/12/PinterInd_3H_BallVise_0008.webp, https://findgolfgifts.com/wp-content/uploads/2024/12/PinterInd_3H_BallVise_0002.webp, https://findgolfgifts.com/wp-content/uploads/2024/12/PinterInd_3H_BallVise_0003.webp, https://findgolfgifts.com/wp-content/uploads/2024/12/PinterInd_3H_BallVise_0006.webp, https://findgolfgifts.com/wp-content/uploads/2024/12/PinterInd_3H_BallVise_0004.webp, https://findgolfgifts.com/wp-content/uploads/2024/12/PinterInd_3H_BallVise_0005.webp",,,,,,,,,0,,,,,,
1048,variable,PI-L03,,BallBoon<sup>TM</sup>,1,0,visible,"Currently BallBoon Golf Ball Colors are available in Silver, Red and Gold.","The BallBoon™™™ is like no other magnetic towel retriever. The Golf Ball has a patent pending ""BallBoon™™ CAP that has a specially designed coated magnet that allows for a multi-directional pick-up benefit when using your magnet friendly golf club. Your favorite golf towel then attaches to the BallBoon™™. Many golfers appreciate the fact that the extra weight of the ball allows golfers to toss the BallBoon™™ and towel around the green.\n\nFor large golf outings requiring customized towels and balls, please write to <a href=""mailto:info@findgolfgifts.com""><span style=""color: #3366ff;"">info@findgolfgifts.com</span></a> and we can pass your info on to our associates handling those larger venue and custom programs.",,,taxable,,1,,,0,0,,,,,1,,,,"All Products, All Products > BallBoon(TM) Magnetic GolfBall CAP",,,"https://findgolfgifts.com/wp-content/uploads/2025/03/Group-8.png, https://findgolfgifts.com/wp-content/uploads/2024/12/IMG_8892.webp, https://findgolfgifts.com/wp-content/uploads/2025/01/PinterInd_GolfProds_121724_0059.webp, https://findgolfgifts.com/wp-content/uploads/2024/12/BallBoon_product.jpg, https://findgolfgifts.com/wp-content/uploads/2024/12/BallBoon_product.png, https://findgolfgifts.com/wp-content/uploads/2025/02/PinterInd_3G_MagneticBall_0005.webp, https://findgolfgifts.com/wp-content/uploads/2025/02/PinterInd_3G_MagneticBall_0001.webp, https://findgolfgifts.com/wp-content/uploads/2025/02/PinterInd_3G_MagneticBall_0004.webp, https://findgolfgifts.com/wp-content/uploads/2025/02/PinterInd_3G_MagneticBall_0003.webp",,,,,,,,,0,,,Color,"Silver, Red, Gold",1,0
1053,simple,12Y,,"EZ KLIPP GRIPP<sup>TM</sup>MAGNETIC GOLF TOWEL HOLDER",1,0,visible,"The EASY KLIPP GRIPP(TM) was created to hold the EXTRA weight when it comes to golf accessories. With a very powerful magnet and an extra gripping force it attaches to metal points on the golf cart and can handle a 16 x 20 inch golf towel (sometimes more)!",,,,taxable,,1,,,0,0,,,,,1,,,15.95,"All Products, All Products > EZ KLIPP GRIPP™",,,"https://findgolfgifts.com/wp-content/uploads/2025/01/PinterInd_GolfProds_121724_0073.webp, https://findgolfgifts.com/wp-content/uploads/2025/01/PinterInd_GolfProds_121724_0074.webp, https://findgolfgifts.com/wp-content/uploads/2025/01/PinterInd_GolfProds_121724_0075.webp, https://findgolfgifts.com/wp-content/uploads/2025/01/PinterInd_GolfProds_121724_0076.webp, https://findgolfgifts.com/wp-content/uploads/2024/11/2B.webp",,,,,,,,,0,,,,,,
1062,simple,25Y,,"WHITE TEE SNAKE",1,0,visible,"Please don’t let golf Tee manufacturers tell you the perfect height of your golf tee. By using the Tee Snake, you simply cut off the correct number of “Tee Snake Ribs” that work for you and slide them on your golf Tee. The Tee Snake was designed for the very common .185” Tee shaft and consequently works with several golf tee brands. Experiment with your favorite Golf Tee until the height is just right. The Tee Snake also helps protects your Tees and your clubs by provided a soft springy cushion. The WHITE color is best for off white color golf tees.",,,,taxable,,1,,,0,0,,,,,1,,,11.95,"All Products, All Products > OTHER CURRENT PRODUCTS",,,"https://findgolfgifts.com/wp-content/uploads/2024/12/PinterInd_3AW_WhiteTeeSnake_0003-scaled.jpg, https://findgolfgifts.com/wp-content/uploads/2024/12/PinterInd_3AW_WhiteTeeSnake_0004.webp, https://findgolfgifts.com/wp-content/uploads/2024/12/PinterInd_3AW_WhiteTeeSnake_0002.webp, https://findgolfgifts.com/wp-content/uploads/2024/12/PinterInd_3AW_WhiteTeeSnake_0001.webp",,,,,,,,,0,,,Color,"WHITE, RED, YELLOW",1,0
1070,simple,6P,,"Max Magnet and Tee Tool... Combo Set",1,0,visible,,,,,taxable,,1,,,0,0,,,,,1,,,29.95,"All Products, All Products > OTHER CURRENT PRODUCTS",,,"https://findgolfgifts.com/wp-content/uploads/2024/12/3D-1.webp, https://findgolfgifts.com/wp-content/uploads/2024/12/3D.webp",,,,,,,,,0,,,Color,"WHITE, RED, YELLOW",1,0
1088,variable,15Y,,"MarkerMate<sup>®</sup> Magnetic Floating Ballmark",1,0,visible,"The MarkerMate(R) magnetic ball mark holder is one of my all time favorites.  To this day is is sold by only a few select dealers around the country.  Its special magnetic sides hold the metal ball mark within its round borders giving the impression that the inner ball mark is “floating” in air. Some golfers have mastered flipping this inner coin round and round.  I suppose it has become, in some instances, a golfer’s fidget tool.  The MarkerMate(R) is sold as a single unit, but also as an element of a different product such as the high-end Aluminum EXECUTIVE Challenge Ramp, or as a special product in the CADDYCAP GIFT PACK!",,,,taxable,,1,,,0,0,,,,,1,,,,"All Products, All Products > OTHER CURRENT PRODUCTS",,,"https://findgolfgifts.com/wp-content/uploads/2024/12/image10.webp, https://findgolfgifts.com/wp-content/uploads/2024/12/image11.webp, https://findgolfgifts.com/wp-content/uploads/2024/12/image12.webp, https://findgolfgifts.com/wp-content/uploads/2024/12/image13.webp",,,,,,,,,0,,,Color,"White, SHINY METALLIC",1,0
1089,variation,,,"MarkerMate<sup>®</sup> Magnetic Floating Ballmark - White",1,0,visible,,"This WHITE domed “GREAT DAY FOR GOLF” traditional ball mark is approximately 1” in diameter.  It is purposely metallic so that it works with both the MINI and the MAX magnets.",,,taxable,parent,1,,,0,0,,,,,0,,,12.95,,,,,,,15Y,,,,,,1,,,Color,White,,0
1090,variation,,,"MarkerMate<sup>®</sup> Magnetic Floating Ballmark - SHINY METALLIC",1,0,visible,,"The metallic version ball mark carrying our theme “GREAT DAY GOR GOLF” is also approximately 1” in diameter and is metallic as well so that it fits on the EZ KLIPP GRIPP(TM), and all other products which use or rely on a good sturdy somewhat shiny and easily recognizable ball mark.",,,taxable,parent,1,,,0,0,,,,,0,,,12.95,,,,https://findgolfgifts.com/wp-content/uploads/2024/11/PinterInd_3JM_GDFGShinyMetallic_0001-scaled.jpg,,,15Y,,,,,,2,,,Color,"SHINY METALLIC",,0
1094,simple,1Y,,"BallMark Pro® (Eat, Sleep, Golf)",1,0,visible,"This Poker Size ball mark was developed to help with putter and ball alignment on the green.  While the opposite side has been filled with lots of artwork and “sayings”.",,,,taxable,,1,,,0,0,,,,,1,,,3.95,"All Products, All Products > OTHER CURRENT PRODUCTS",,,"https://findgolfgifts.com/wp-content/uploads/2024/12/PinterInd_GolfProds_121724_0001.webp, https://findgolfgifts.com/wp-content/uploads/2024/12/PinterInd_GolfProds_121724_0002.webp, https://findgolfgifts.com/wp-content/uploads/2024/12/PinterInd_GolfProds_121724_0003.webp, https://findgolfgifts.com/wp-content/uploads/2024/12/PinterInd_GolfProds_121724_0004.webp",,,,,,,,,0,,,Color,"White, SHINY METALLIC",1,0
1098,simple,2Y,,"BallMark Pro (Love, Live, Golf)",1,0,visible,"<div>This Poker Size ball mark was developed to help with putter and ball alignment on the green.  While the opposite side has been filled with lots of artwork and “sayings”.</div>",,,,taxable,,1,,,0,0,,,,,1,,,3.95,"All Products, All Products > OTHER CURRENT PRODUCTS",,,"https://findgolfgifts.com/wp-content/uploads/2024/12/PinterInd_GolfProds_121724_0005.webp, https://findgolfgifts.com/wp-content/uploads/2024/12/PinterInd_GolfProds_121724_0006.webp, https://findgolfgifts.com/wp-content/uploads/2024/12/PinterInd_GolfProds_121724_0007.webp, https://findgolfgifts.com/wp-content/uploads/2024/12/PinterInd_GolfProds_121724_0008.webp",,,,,,,,,0,,,Color,"White, SHINY METALLIC",1,0
1101,simple,18Y,,"Mulligan Mug<sup>®</sup>",1,0,visible,"The special handle for the MULLIGAN MUG(TM) is currently a 3-D print product. Since the concept of the Mulligan Mug artwork was widely accepted because of its cute appearance, we felt it needed that special black handle to complete its look. Like all of our 3-D print products, time will tell if we take one or more of these to full production. In the meantime, we will fulfill orders as a 3-D print product.",,,,taxable,,1,,,0,0,,,,,1,,,17.95,"All Products, All Products > SPECIAL ORDER 3D PRINTS",,,"https://findgolfgifts.com/wp-content/uploads/2024/12/PinterInd_5D_MulliganMug_0001.webp, https://findgolfgifts.com/wp-content/uploads/2024/12/PinterInd_5D_MulliganMug_0004.webp, https://findgolfgifts.com/wp-content/uploads/2024/12/PinterInd_5D_MulliganMug_0002-Copy.webp, https://findgolfgifts.com/wp-content/uploads/2024/12/PinterInd_5D_MulliganMug_0003.webp",,,,,,,,,0,,,,,,
1110,simple,10Y,,"Plastic Challenge Ramp",1,0,visible,"It is indeed a putting challenge. The hole on top requires a putt up the ramp. Most often a ball mark is placed within the slot behind the ball. This represents the flag and the option to play the hole with the flag within. The upper hole is designed to be a Challenge, but the lower hole is even a bigger challenge and, perhaps frustrating to some who venture too far away from the hole. It is advised to place the ball mark in the slot behind the ball for the lower hole as well.",,,,taxable,,1,,,0,0,,,,,1,,,19.95,"All Products, All Products > CHALLENGE RAMP®",,,"https://findgolfgifts.com/wp-content/uploads/2025/01/PinterInd_GolfProds_121724_0031.webp, https://findgolfgifts.com/wp-content/uploads/2025/01/PinterInd_GolfProds_121724_0032.webp, https://findgolfgifts.com/wp-content/uploads/2025/01/PinterInd_GolfProds_121724_0034.webp, https://findgolfgifts.com/wp-content/uploads/2025/01/PinterInd_GolfProds_121724_0035.webp, https://findgolfgifts.com/wp-content/uploads/2025/01/PinterInd_GolfProds_121724_0036.webp, https://findgolfgifts.com/wp-content/uploads/2025/01/PinterInd_GolfProds_121724_0037.webp",,,,,,,,,0,,,,,,
1111,simple,9Y,,"Aluminum Executive Desktop Challenge Ramp",1,0,visible,"It is indeed a putting challenge. The hole on top requires a putt up the ramp. Most often a ball mark is placed within the slot behind the ball. This represents the flag and the option to play the hole with the flag within. The upper hole is designed to be a Challenge, but the lower hole is even a bigger challenge and, perhaps frustrating to some who venture too far away from the hole. It is advised to place the ball mark in the slot behind the ball for the lower hole as well.","<h3>To exhibit on your desk, or to practice on your office floor or the actual putting green on the course</h3>",,,taxable,,1,,,0,0,,,,,1,,,39.95,"All Products, All Products > CHALLENGE RAMP®",,,"https://findgolfgifts.com/wp-content/uploads/2025/01/PinterInd_GolfProds_121724_0042.webp, https://findgolfgifts.com/wp-content/uploads/2025/01/PinterInd_GolfProds_121724_0038.webp, https://findgolfgifts.com/wp-content/uploads/2024/12/image41.webp, https://findgolfgifts.com/wp-content/uploads/2024/12/image42.webp, https://findgolfgifts.com/wp-content/uploads/2024/12/image43.webp, https://findgolfgifts.com/wp-content/uploads/2024/12/image44.webp, https://findgolfgifts.com/wp-content/uploads/2024/12/image40.webp",,,,,,,,,0,,,,,,
1112,simple,29Y,,"Black TeeKeeper<sup>®</sup>",1,0,visible,"The TeeKeeper(R) was one of the earliest creations and patents.  A simple gripping tube can handle the tip of almost any golf tee.  6 tubes hanging side by side create the look of the TeeKeeper(R).  Attached to the golf bag, the golf tees hang almost ornamentals from the side of the bag.  The TeeKeeper(R) has been sold throughout the USA and overseas and is currently available in both black and white.  While newer model golf tee holders have grown in the market, the TeeKeeper(R) is still the favorite for many.",,,,taxable,,1,,,0,0,,,,,1,,,17.95,"All Products, All Products > PRODUCTS FROM THE PAST",,,"https://findgolfgifts.com/wp-content/uploads/2024/12/teekeeper_bag_square_540x.webp, https://findgolfgifts.com/wp-content/uploads/2024/12/PinterInd_9AB_TeekeeperBlack_0002-1.webp, https://findgolfgifts.com/wp-content/uploads/2024/12/PinterInd_9AB_TeekeeperBlack_0003-1.webp",,,,,,,,,0,"{""Seelct Color"":{""name"":""Seelct Color"",""type"":""color"",""terms"":{""Black"":{""name"":""Black"",""color"":""#000000"",""image"":"""",""show_tooltip"":"""",""tooltip_text"":"""",""tooltip_image"":"""",""image_size"":""""},""White"":{""name"":""White"",""color"":""#ffffff"",""image"":"""",""show_tooltip"":"""",""tooltip_text"":"""",""tooltip_image"":"""",""image_size"":""""}}}}",,"Seelct Color","Black, White",1,1
1115,simple,19Y,,"Office Caddy<sup>®</sup>",1,0,visible,,"<h3><strong>DIY Kit...Golf Balls are not included. Attach the Golf Ball of your choice to the Magnetic Tee.</strong></h3>",,,taxable,,1,,,0,0,,,,,1,,,11.95,"All Products, All Products > PRODUCTS FROM THE PAST",,,"https://findgolfgifts.com/wp-content/uploads/2024/12/20241227_Gilliland_Golf-1664-2-1-1.jpg, https://findgolfgifts.com/wp-content/uploads/2024/12/PinterInd_GolfProds_121724_0024.webp, https://findgolfgifts.com/wp-content/uploads/2024/12/PinterInd_GolfProds_121724_0027.webp, https://findgolfgifts.com/wp-content/uploads/2024/12/PinterInd_GolfProds_121724_0028.webp, https://findgolfgifts.com/wp-content/uploads/2024/12/PinterInd_GolfProds_121724_0029_2.webp, https://findgolfgifts.com/wp-content/uploads/2024/12/image49.webp, https://findgolfgifts.com/wp-content/uploads/2024/12/image50.webp, https://findgolfgifts.com/wp-content/uploads/2024/12/image51.webp, https://findgolfgifts.com/wp-content/uploads/2024/12/image52.webp, https://findgolfgifts.com/wp-content/uploads/2024/12/image53.webp",,,,,,,,,0,"{""Seelct Color"":{""name"":""Seelct Color"",""type"":""color"",""terms"":{""Black"":{""name"":""Black"",""color"":""#000000"",""image"":"""",""show_tooltip"":"""",""tooltip_text"":"""",""tooltip_image"":"""",""image_size"":""""},""White"":{""name"":""White"",""color"":""#ffffff"",""image"":"""",""show_tooltip"":"""",""tooltip_text"":"""",""tooltip_image"":"""",""image_size"":""""}}}}",,"Seelct Color","Black, White",1,1
1120,simple,20Y,,"ORB TEE(TM) REFILLS",1,0,visible,"The Orb Tees are not a product of Pinter Industries, but carry our special nickname for them! Because of their large round heads and compatibility to our TeeOrb(R) product, this special Tee is often marketed and sold as the OrbTee(TM)! Their .185 shaft width, large tee head, and overall good durability, make them a very popular golf tee for many golfers.",,,,taxable,,1,,,0,0,,,,,1,,,9.95,"All Products, All Products > PRODUCTS FROM OTHER MANUFACTURERS",,,"https://findgolfgifts.com/wp-content/uploads/2024/12/PinterInd_3F_OrbTees12_0001.webp, https://findgolfgifts.com/wp-content/uploads/2024/12/PinterInd_3F_OrbTees12_0002.webp",,,,,,,,,0,,,,,,
1129,simple,1Z,,"CADDICAP Carbon Telescoping POLE & BallBoon<sup>TM<sup>",1,0,visible,,,,,taxable,,1,,,0,0,,,,,1,,,69.95,"All Products, All Products > CARBON ROD GOLF SPECIALTY POLES",,,"https://findgolfgifts.com/wp-content/uploads/2024/12/PinterInd_GolfProds-0021.webp, https://findgolfgifts.com/wp-content/uploads/2024/12/PinterInd_GolfProds-0025.webp, https://findgolfgifts.com/wp-content/uploads/2024/12/1.jpg, https://findgolfgifts.com/wp-content/uploads/2024/12/2.jpg, https://findgolfgifts.com/wp-content/uploads/2024/12/3.jpg, https://findgolfgifts.com/wp-content/uploads/2024/12/4.jpg, https://findgolfgifts.com/wp-content/uploads/2024/12/5.jpg",,,,,,,,,0,,,,,,
1249,simple,10G,,"CaddyCap® Gift Pack",1,0,visible,"<h4><strong>All of your golf accessories in one unique golf gift set.</strong></h4>\n<strong>Items Included in the CaddyCap Gift Pack</strong>\n<ul>\n 	<li>CaddyCap® Golf Tee Holder - <strong>Patented</strong></li>\n 	<li>MarkerMate™ Magnetic Two-Sided Ball Marker - <strong>Patent Pending</strong></li>\n 	<li>CaddiCap™ Golf Ball Holder</li>\n 	<li>3 Links Walker ProVictory OPT Golf Balls</li>\n 	<li>18 White 3-1/4"" Golf Tees</li>\n 	<li>18 Colored 2-3/4"" Golf Tees</li>\n 	<li>Divot Repair Tool</li>\n</ul>",,,,taxable,,1,,,0,0,,,,,1,,,39.95,"All Products, All Products > CADDYCAPS®",,,https://findgolfgifts.com/wp-content/uploads/2024/12/accessories_720x-1.webp,,,,,,,,,0,,,,,,
1304,simple,21Y,,PointPal<sup>TM</sup>,1,0,visible,"&nbsp;\n\nIt is first and foremost a divot repair tool\nYou can SNAP IN a .185” shaft diameter Tee and it protects all tee points and divot repair points for those golfers who keep tees in their pockets\nIt has a magnetic end which holds a readily accessible 1” ball mark for easy access on the green\nIt is also a fun FIDGET TOOL while waiting to Tee Off on the next hole. The ball mark flips up over the magnet and then back in place again\nIt’s narrow magnetic end can retrieve the lost ball mark in the pocket\nMany golfers use the golf ball logo to align a putt to the hole. By sliding the POINT PAL(TM) into the GRIP TIP TEE shaft slot, you can use the POINT PAL(TM) as an alignment device prior to the drive. Move it left or right and then position the logo in the direction of your drive. Simply slide out the POINT PAL(TM) when content with your alignment, and hit away!","(Each Order will receive a FREE Golf Bag Tee Holder and a 9"" Micro Fiber Towel)",,,taxable,,1,,,0,0,,,,,1,,,12.95,"All Products, All Products > Grip Tip Tee Airblast Tee™, All Products > POINT PAL™",,,"https://findgolfgifts.com/wp-content/uploads/2025/01/Point-Pal-resized.jpg, https://findgolfgifts.com/wp-content/uploads/2025/01/Point.webp",,,,,,,,,0,,,,,,
1467,simple,17Y,,"Micro-Fiber Tower",1,0,visible,,,,,taxable,,1,,,0,0,,,,,1,,,11.95,"All Products, All Products > OTHER CURRENT PRODUCTS",,,"https://findgolfgifts.com/wp-content/uploads/2025/01/PinterInd_3B_BlackMicrofiberTowel_0001.webp, https://findgolfgifts.com/wp-content/uploads/2025/01/PinterInd_3B_BlackMicrofiberTowel_0002.webp, https://findgolfgifts.com/wp-content/uploads/2025/01/PinterInd_3B_BlackMicrofiberTowel_0003.webp",,,,,,,,,0,,,Color,"WHITE, RED, YELLOW",1,0
1478,simple,30Y,,"White TeeKeeper<sup>®</sup>",1,0,visible,,,,,taxable,,1,,,0,0,,,,,1,,,17.95,"All Products, All Products > PRODUCTS FROM THE PAST",,,"https://findgolfgifts.com/wp-content/uploads/2025/01/PinterInd_GolfProds-0068.webp, https://findgolfgifts.com/wp-content/uploads/2025/01/PinterInd_GolfProds-0065.webp, https://findgolfgifts.com/wp-content/uploads/2025/01/PinterInd_GolfProds-0066.webp, https://findgolfgifts.com/wp-content/uploads/2025/01/PinterInd_GolfProds-0067.webp, https://findgolfgifts.com/wp-content/uploads/2025/01/PinterInd_GolfProds-0068.webp, https://findgolfgifts.com/wp-content/uploads/2025/01/PinterInd_9AB_TeekeeperBlack_0004.webp, https://findgolfgifts.com/wp-content/uploads/2025/01/PinterInd_9AW_TeekeeperWhite_0001-1.webp, https://findgolfgifts.com/wp-content/uploads/2025/01/PinterInd_9AW_TeekeeperWhite_0002-1.webp, https://findgolfgifts.com/wp-content/uploads/2025/01/PinterInd_9AW_TeekeeperWhite_0003-1.webp",,,,,,,,,0,"{""Seelct Color"":{""name"":""Seelct Color"",""type"":""color"",""terms"":{""Black"":{""name"":""Black"",""color"":""#000000"",""image"":"""",""show_tooltip"":"""",""tooltip_text"":"""",""tooltip_image"":"""",""image_size"":""""},""White"":{""name"":""White"",""color"":""#ffffff"",""image"":"""",""show_tooltip"":"""",""tooltip_text"":"""",""tooltip_image"":"""",""image_size"":""""}}}}",,"Seelct Color","Black, White",1,1
1777,simple,2P,,"Mini Magnet",1,0,visible,,,,,taxable,,1,,,0,0,,,,,1,,,6.95,"All Products, All Products > OTHER CURRENT PRODUCTS",,,"https://findgolfgifts.com/wp-content/uploads/2025/02/image15.webp, https://findgolfgifts.com/wp-content/uploads/2025/02/image16.webp, https://findgolfgifts.com/wp-content/uploads/2025/02/image17.webp",,,,,,,,,0,,,,,,
1781,simple,3P,,"The Max Magnet",1,0,visible,,,,,taxable,,1,,,0,0,,,,,1,,,8.95,"All Products, All Products > OTHER CURRENT PRODUCTS",,,"https://findgolfgifts.com/wp-content/uploads/2025/02/PinterInd_GolfProds_121724_0068.webp, https://findgolfgifts.com/wp-content/uploads/2025/02/PinterInd_GolfProds_121724_0066.webp, https://findgolfgifts.com/wp-content/uploads/2025/02/PinterInd_GolfProds_121724_0067.webp",,,,,,,,,0,,,,,,
1785,simple,16Y,,"Great Day for Golf ""Metallic"" Ball Mark",1,0,visible,"The metallic version ball mark carrying our theme “GREAT DAY GOR GOLF” is also approximately 1” in diameter and is metallic as well so that it fits on the EZ KLIPP GRIPP(TM), and all other products which use or rely on a good sturdy somewhat shiny and easily recognizable ball mark.",,,,taxable,,1,,,0,0,,,,,1,,,2.95,"All Products, All Products > OTHER CURRENT PRODUCTS",,,"https://findgolfgifts.com/wp-content/uploads/2025/02/PinterInd_3JM_GDFGShinyMetallic_00021.webp, https://findgolfgifts.com/wp-content/uploads/2025/02/PinterInd_3JM_GDFGShinyMetallic_0003.webp",,,,,,,,,0,,,,,,
1788,simple,7Y,,"CaddiCap® Golf Ball Holder",1,0,visible,"CaddiCap(R) with the “I” denotes the holder of the Golf Ball.  Once featured in Golf Digest, the CaddiCap(R) has been around for years.  It is a handy spare ball holder for the belt or golf bag and is sometimes featured as a hat on some of the GOLF CHARACTERS!  It can be a handy little product.  By pinching the upper two support pieces the friction in the golf ball is released.",,,,taxable,,1,,,0,0,,,,,1,,,9.95,"All Products, All Products > PRODUCTS FROM THE PAST",,,"https://findgolfgifts.com/wp-content/uploads/2025/02/PinterInd_3L_CaddiCap_0002.webp, https://findgolfgifts.com/wp-content/uploads/2025/02/caddicap_product_text_65ca8da5-0b42-4dd5-b640-f1b43818f368_540x-1.webp",,,,,,,,,0,,,,,,
1801,simple,,,"BallBoon<sup>TM</sup> Magentic GolfBall CAP",1,0,visible,,,,,taxable,,1,,,0,0,,,,,1,,,14.95,"All Products, All Products > BallBoon(TM) Magnetic GolfBall CAP",,,"https://findgolfgifts.com/wp-content/uploads/2025/02/PinterInd_3G_MagneticBall_0004.webp, https://findgolfgifts.com/wp-content/uploads/2025/02/PinterInd_3G_MagneticBall_0004.webp, https://findgolfgifts.com/wp-content/uploads/2025/02/PinterInd_3G_MagneticBall_0005.webp, https://findgolfgifts.com/wp-content/uploads/2025/02/PinterInd_3G_MagneticBall_0001.webp, https://findgolfgifts.com/wp-content/uploads/2025/02/PinterInd_3G_MagneticBall_0002.webp",,,,,,,,,0,,,,,,
1821,simple,,,"TeeKeeper Jr",1,0,visible,,,,,taxable,,1,,,0,0,,,,,1,,,6.95,"All Products, All Products > SPECIAL ORDER 3D PRINTS",,,"https://findgolfgifts.com/wp-content/uploads/2025/02/PinterInd_5C_SingleTeeTeekeeper_0003.webp, https://findgolfgifts.com/wp-content/uploads/2025/02/PinterInd_5C_SingleTeeTeekeeper_0001.webp, https://findgolfgifts.com/wp-content/uploads/2025/02/PinterInd_5C_SingleTeeTeekeeper_0002.webp",,,,,,,,,0,"{""Seelct Color"":{""name"":""Seelct Color"",""type"":""color"",""terms"":{""Black"":{""name"":""Black"",""color"":""#000000"",""image"":"""",""show_tooltip"":"""",""tooltip_text"":"""",""tooltip_image"":"""",""image_size"":""""},""White"":{""name"":""White"",""color"":""#ffffff"",""image"":"""",""show_tooltip"":"""",""tooltip_text"":"""",""tooltip_image"":"""",""image_size"":""""}}}}",,"Seelct Color","Black, White",1,1
1868,simple,9G,,"Magnetic Cell Phone Holder (Under Development)",1,0,visible,"<strong>""Due to current Tariff situations, this product is on hold awaiting special magnets""</strong>\n\nWe have the perfect cell phone holder.  We have the perfect golf ball and golf towel holder.  We now just need to integrate the two products together.  With some engineering to complete and some molds to be made, we are still striving for a 2025 introduction!  With this two-in-one product, now you can soon place your phone or GPS system directly in front of you on the golf cart and have your golf towel handily available to you as well!",,,,taxable,,1,,,0,0,,,,,1,,,,"All Products, All Products > UNDER DEVELOPMENT",,,"https://findgolfgifts.com/wp-content/uploads/2025/02/IMG_3030.webp, https://findgolfgifts.com/wp-content/uploads/2025/02/IMG_3031.webp",,,,,,,,,0,,,,,,
1915,simple,11G,,"CaddyCap - Door County Wisconsin - Golf Bag Accessories",1,0,visible,,,,,taxable,,1,,,0,0,,,,,1,,,11.95,"All Products, All Products > CADDYCAPS®",,,https://findgolfgifts.com/wp-content/uploads/2025/02/DoorCounty_600ebbb5-8f3e-4687-b368-977d3b32276c_540x.png,,,,,,,,,0,,,,,,
1917,simple,12G,,"CaddyCap - Live Love Golf - Unique Golf Gifts!",1,0,visible,,,,,taxable,,1,,,0,0,,,,,1,,,11.95,"All Products, All Products > CADDYCAPS®",,,https://findgolfgifts.com/wp-content/uploads/2025/02/Livelovegolf_663fa725-520b-430d-b1f6-10c3e07d8f9a_540x.webp,,,,,,,,,0,,,,,,
1921,simple,13G,,"CaddyCap - Above Par Grandma - Golf Gifts for Women!",1,0,visible,,,,,taxable,,1,,,0,0,,,,,1,,,11.95,"All Products, All Products > CADDYCAPS®",,,https://findgolfgifts.com/wp-content/uploads/2025/02/AboveParGma_effabab8-fc04-4a2a-a542-55f81407a071_540x.png,,,,,,,,,0,,,Color,"White, SHINY METALLIC",1,0
1925,simple,14G,,"CaddyCap - Born to Golf - Golfing Gifts",1,0,visible,,,,,taxable,,1,,,0,0,,,,,1,,,11.95,"All Products, All Products > CADDYCAPS®",,,https://findgolfgifts.com/wp-content/uploads/2025/02/BorntoGolf_88de9427-d0fa-4f05-a40b-84f8b5cb0545_540x.webp,,,,,,,,,0,,,,,,
1927,simple,16G,,"CaddyCap - Cancer Awareness - Golfing Gifts",1,0,visible,,,,,taxable,,1,,,0,0,,,,,1,,,11.95,"All Products, All Products > CADDYCAPS®",,,https://findgolfgifts.com/wp-content/uploads/2025/02/CancerAwareness_6b930349-b37b-4b2f-bc5f-b648f631102c_540x.webp,,,,,,,,,0,,,,,,
1929,simple,17G,,"CaddyCap - Eat Sleep Golf - Golfing Gifts",1,0,visible,,,,,taxable,,1,,,0,0,,,,,1,,,11.95,"All Products, All Products > CADDYCAPS®",,,https://findgolfgifts.com/wp-content/uploads/2025/02/EatSleepGolf_6b8b139e-b0eb-4753-b118-5529554fdfcf_540x.webp,,,,,,,,,0,,,,,,
1931,simple,18G,,"CaddyCap - It Only Gets Better Golf Tee Holder",1,0,visible,,,,,taxable,,1,,,0,0,,,,,1,,,11.95,"All Products, All Products > CADDYCAPS®",,,https://findgolfgifts.com/wp-content/uploads/2025/02/ItOnlyGetsBetter_f9bbdeab-6cb9-447f-8248-1855ea2f6711_540x-1.webp,,,,,,,,,0,,,,,,
1933,simple,19G,,"CaddyCap - Luck of the Irish Golf Tee Holder",1,0,visible,,,,,taxable,,1,,,0,0,,,,,1,,,11.95,"All Products, All Products > CADDYCAPS®",,,https://findgolfgifts.com/wp-content/uploads/2025/02/LuckoftheIrish_5fe22df3-e4c4-4af9-b553-1d2be4399240_540x-1.webp,,,,,,,,,0,,,,,,
1935,simple,20G,,"CaddyCap - Mt. Rainier Seattle Washington - Unique Golf Gifts!",1,0,visible,,,,,taxable,,1,,,0,0,,,,,1,,,11.95,"All Products, All Products > CADDYCAPS®",,,https://findgolfgifts.com/wp-content/uploads/2025/02/MtRainier_2c14a807-2b37-4027-8319-a8b3023cd3f6_460x.webp,,,,,,,,,0,,,,,,
1936,simple,21G,,"CaddyCap - Mt. Rushmore Golf Bag Accessories",1,0,visible,,,,,taxable,,1,,,0,0,,,,,1,,,11.95,"All Products, All Products > CADDYCAPS®",,,https://findgolfgifts.com/wp-content/uploads/2025/02/MtRushmore_540x.webp,,,,,,,,,0,,,,,,
1938,simple,22G,,"CaddyCap - Myrtle Beach South Carolina Golf Gift",1,0,visible,,,,,taxable,,1,,,0,0,,,,,1,,,11.95,"All Products, All Products > CADDYCAPS®",,,https://findgolfgifts.com/wp-content/uploads/2025/02/MyrtleBeachSand_540x.webp,,,,,,,,,0,,,,,,
1940,simple,23G,,"CaddyCap - Never too Young to Golf Female Golf Bag Accessories",1,0,visible,,,,,taxable,,1,,,0,0,,,,,1,,,11.95,"All Products, All Products > CADDYCAPS®",,,https://findgolfgifts.com/wp-content/uploads/2025/02/NevertooYoungGma_15b8d62f-418e-4ff0-bdbd-75282a64ef78_540x.webp,,,,,,,,,0,,,,,,
1942,simple,24G,,"CaddyCap - Never too Young to Golf Male - Golf Gift for Dad!",1,0,visible,,,,,taxable,,1,,,0,0,,,,,1,,,11.95,"All Products, All Products > CADDYCAPS®",,,https://findgolfgifts.com/wp-content/uploads/2025/02/NevertooYoungGpa_fdc9512d-9129-473c-a8fa-716b4c731869_540x.webp,,,,,,,,,0,,,,,,
1944,simple,25G,,"CaddyCap - Oregon Golf Tee Holder",1,0,visible,,,,,taxable,,1,,,0,0,,,,,1,,,11.95,"All Products, All Products > CADDYCAPS®",,,https://findgolfgifts.com/wp-content/uploads/2025/02/Oregon_02f3ddfb-0568-417a-aca9-9954b326905b_540x.webp,,,,,,,,,0,,,,,,
1946,simple,26G,,"CaddyCap - Orlando Florida Golf Tee Holder",1,0,visible,,,,,taxable,,1,,,0,0,,,,,1,,,11.95,"All Products, All Products > CADDYCAPS®",,,https://findgolfgifts.com/wp-content/uploads/2025/02/OrlandoFl_1f7bf297-9c64-4ef6-b9ec-e5ad24d67182_540x-1.webp,,,,,,,,,0,,,,,,
1948,simple,27G,,"CaddyCap - Silver Dollar - Best Golf Accessories!",1,0,visible,,,,,taxable,,1,,,0,0,,,,,1,,,11.95,"All Products, All Products > CADDYCAPS®",,,https://findgolfgifts.com/wp-content/uploads/2025/02/SilverDollar_78eb407c-5591-4947-9581-29f62077d862_540x.webp,,,,,,,,,0,,,,,,
1950,simple,28G,,"CaddyCap - St. Andrews Cross Golf Accessories Online",1,0,visible,,,,,taxable,,1,,,0,0,,,,,1,,,11.95,"All Products, All Products > CADDYCAPS®",,,https://findgolfgifts.com/wp-content/uploads/2025/02/StAndrewsCross_f320a492-9bb0-4472-883c-c3b3827d3d9b_540x-1.webp,,,,,,,,,0,,,,,,
1995,simple,4P,,"Grip Tip Airblast Tee <sup>TM</sup> and Point Pal...Combo Set",1,0,visible,,,,,taxable,,1,,,0,0,,,,,1,,,9.95,"All Products, product",,,"https://findgolfgifts.com/wp-content/uploads/2025/02/Group-4-3-1.png, https://findgolfgifts.com/wp-content/uploads/2025/02/Grip-Tip-AIRBLAST-Tee-combo-Special-copy.jpg",,,,,,,,,0,,,,,,
2025,simple,13Y,,"GRIP TIP AIRBLAST TEE<sup>TM</sup>",1,0,visible,"The GRIP TIP TEE(TM) is very functional in its design. It’s patent pending opening, among other things, allows the golfer to place the ball on the tee while simultaneously placing the golfers “pointer finger” within the hole. For many, this makes gripping and teeing up the ball a bit easier!\n\nMade of an extra strong composition, the tee is very durable and should last through multiple rounds of golf.",,,,taxable,,1,,,0,0,,,,,1,,,1.95,"All Products, All Products > Grip Tip Tee Airblast Tee™, All Products > POINT PAL™",,,"https://findgolfgifts.com/wp-content/uploads/2025/03/Airblast-info-resized.jpg, https://findgolfgifts.com/wp-content/uploads/2025/03/Grip-1.webp, https://findgolfgifts.com/wp-content/uploads/2025/01/PinterInd_GolfProds_121724_0080.webp, https://findgolfgifts.com/wp-content/uploads/2025/01/PinterInd_GolfProds_121724_0079.webp, https://findgolfgifts.com/wp-content/uploads/2025/01/PinterInd_GolfProds_121724_0078.webp, https://findgolfgifts.com/wp-content/uploads/2025/04/IMG_2670.jpeg, https://findgolfgifts.com/wp-content/uploads/2025/04/IMG_2669.jpeg",,,,,,,,,0,,,,,,
2074,simple,16P,,"ALABAMA CRIMSON TIDE",1,0,visible,,,,,taxable,,1,,,0,0,,,,,1,,,27.95,"All Products, Special Desk Top Stand and Ball Mark Holder for COLLEGIATE GOLF BALLS (Balls\, Stand\, Ball Marks all sold together)",,,"https://findgolfgifts.com/wp-content/uploads/2025/03/ALABAMA-CHRIMSON-TIDE3.jpg, https://findgolfgifts.com/wp-content/uploads/2025/03/ALABAMA-CHRIMSON-TIDE4.jpg, https://findgolfgifts.com/wp-content/uploads/2025/03/ALABAMA-CHRIMSON-TIDE2.jpg, https://findgolfgifts.com/wp-content/uploads/2025/03/ALABAMA-CHRIMSON-TIDE1.jpg",,,,,,,,,0,,,,,,
2078,simple,17P,,"Auburn University Tigers",1,0,visible,,,,,taxable,,1,,,0,0,,,,,1,,,27.95,"All Products, Special Desk Top Stand and Ball Mark Holder for COLLEGIATE GOLF BALLS (Balls\, Stand\, Ball Marks all sold together)",,,"https://findgolfgifts.com/wp-content/uploads/2025/03/AUBURN-UNIVERSITY-TIGERS3.jpg, https://findgolfgifts.com/wp-content/uploads/2025/03/Auburn-University-Tigers-1.jpg, https://findgolfgifts.com/wp-content/uploads/2025/03/AUBURN-UNIVERSITY-TIGERS2.jpg, https://findgolfgifts.com/wp-content/uploads/2025/03/AUBURN-UNIVERSITY-TIGERS4.jpg",,,,,,,,,0,,,,,,
2080,simple,18P,,"BOISE STATE UNIVERSITY BRONCOS",1,0,visible,,,,,taxable,,1,,,0,0,,,,,1,,,27.95,"All Products, Special Desk Top Stand and Ball Mark Holder for COLLEGIATE GOLF BALLS (Balls\, Stand\, Ball Marks all sold together)",,,"https://findgolfgifts.com/wp-content/uploads/2025/03/BOISE-STATE-UNIVERSITY-BRONCOS3.jpg, https://findgolfgifts.com/wp-content/uploads/2025/03/BOISE-STATE-UNIVERSITY-BRONCOS1.jpg, https://findgolfgifts.com/wp-content/uploads/2025/03/BOISE-STATE-UNIVERSITY-BRONCOS2.jpg, https://findgolfgifts.com/wp-content/uploads/2025/03/BOISE-STATE-UNIVERSITY-BRONCOS4.jpg",,,,,,,,,0,,,,,,
2081,simple,19P,,"CLEMSON UNIVERSITY TIGERS",1,0,visible,,,,,taxable,,1,,,0,0,,,,,1,,,27.95,"All Products, Special Desk Top Stand and Ball Mark Holder for COLLEGIATE GOLF BALLS (Balls\, Stand\, Ball Marks all sold together)",,,"https://findgolfgifts.com/wp-content/uploads/2025/03/CLEMSON-UNIVERSITY-TIGERS3.jpg, https://findgolfgifts.com/wp-content/uploads/2025/03/CLEMSON-UNIVERSITY-TIGERS1.jpg, https://findgolfgifts.com/wp-content/uploads/2025/03/CLEMSON-UNIVERSITY-TIGERS2.jpg, https://findgolfgifts.com/wp-content/uploads/2025/03/CLEMSON-UNIVERSITY-TIGERS4.jpg",,,,,,,,,0,,,,,,
2082,simple,20P,,"FLORIDA A&M UNIVERSITY RATLERS",1,0,visible,,,,,taxable,,1,,,0,0,,,,,1,,,27.95,"All Products, Special Desk Top Stand and Ball Mark Holder for COLLEGIATE GOLF BALLS (Balls\, Stand\, Ball Marks all sold together)",,,"https://findgolfgifts.com/wp-content/uploads/2025/03/FLORIDA-AM-UNIVERSITY-RATLERS3.jpg, https://findgolfgifts.com/wp-content/uploads/2025/03/FLORIDA-AM-UNIVERSITY-RATLERS1.jpg, https://findgolfgifts.com/wp-content/uploads/2025/03/FLORIDA-AM-UNIVERSITY-RATLERS2.jpg, https://findgolfgifts.com/wp-content/uploads/2025/03/FLORIDA-AM-UNIVERSITY-RATLERS4.jpg",,,,,,,,,0,,,,,,
2083,simple,21P,,"ILLINOIS FIGHTING ILLINI",1,0,visible,,,,,taxable,,1,,,0,0,,,,,1,,,27.95,"All Products, Special Desk Top Stand and Ball Mark Holder for COLLEGIATE GOLF BALLS (Balls\, Stand\, Ball Marks all sold together)",,,"https://findgolfgifts.com/wp-content/uploads/2025/03/ILLINOIS-FIGHTING-ILLINI3.jpg, https://findgolfgifts.com/wp-content/uploads/2025/03/ILLINOIS-FIGHTING-ILLINI2.jpg, https://findgolfgifts.com/wp-content/uploads/2025/03/ILLINOIS-FIGHTING-ILLINI1.jpg, https://findgolfgifts.com/wp-content/uploads/2025/03/FLORIDA-AM-UNIVERSITY-RATLERS4.jpg",,,,,,,,,0,,,,,,
2084,simple,22P,,"INDIANA UNIVERSITY HOOSIERS",1,0,visible,,,,,taxable,,1,,,0,0,,,,,1,,,27.95,"All Products, Special Desk Top Stand and Ball Mark Holder for COLLEGIATE GOLF BALLS (Balls\, Stand\, Ball Marks all sold together)",,,"https://findgolfgifts.com/wp-content/uploads/2025/03/INDIANA-UNIVERSITY-HOOSIERS3.jpg, https://findgolfgifts.com/wp-content/uploads/2025/03/INDIANA-UNIVERSITY-HOOSIERS1.jpg, https://findgolfgifts.com/wp-content/uploads/2025/03/INDIANA-UNIVERSITY-HOOSIERS2.jpg, https://findgolfgifts.com/wp-content/uploads/2025/03/INDIANA-UNIVERSITY-HOOSIERS4.jpg",,,,,,,,,0,,,,,,
2085,simple,23P,,"IOWA HAWKEYES",1,0,visible,,,,,taxable,,1,,,0,0,,,,,1,,,27.95,"All Products, Special Desk Top Stand and Ball Mark Holder for COLLEGIATE GOLF BALLS (Balls\, Stand\, Ball Marks all sold together)",,,"https://findgolfgifts.com/wp-content/uploads/2025/03/IOWA-HAWKEYES3.jpg, https://findgolfgifts.com/wp-content/uploads/2025/03/IOWA-HAWKEYES4.jpg, https://findgolfgifts.com/wp-content/uploads/2025/03/IOWA-HAWKEYES2.jpg, https://findgolfgifts.com/wp-content/uploads/2025/03/IOWA-HAWKEYES1.jpg",,,,,,,,,0,,,,,,
2086,simple,24P,,"MICHIGAN STATE UNIVERSITY SPARTANS",1,0,visible,,,,,taxable,,1,,,0,0,,,,,1,,,27.95,"All Products, Special Desk Top Stand and Ball Mark Holder for COLLEGIATE GOLF BALLS (Balls\, Stand\, Ball Marks all sold together)",,,"https://findgolfgifts.com/wp-content/uploads/2025/03/MICHIGAN-STATE-UNIVERSITY-SPARTANS3.jpg, https://findgolfgifts.com/wp-content/uploads/2025/03/MICHIGAN-STATE-UNIVERSITY-SPARTANS2.jpg, https://findgolfgifts.com/wp-content/uploads/2025/03/MICHIGAN-STATE-UNIVERSITY-SPARTANS1.jpg",,,,,,,,,0,,,,,,
2111,simple,8P,,"BallBoon Owl",1,0,visible,,,,,taxable,,1,,,0,0,,,,,1,,,24.95,"All Products, All Products > UNDER DEVELOPMENT",,,https://findgolfgifts.com/wp-content/uploads/2025/02/61yM93L5qQS._AC_UF8941000_QL80_.jpg,,,,,,,,,0,,,,,,
2118,simple,8Y,,"THE CADDY CAP",1,0,visible,,,,,taxable,,1,,,0,0,,,,,1,,,11.95,"All Products, All Products > CADDYCAPS®",,,"https://findgolfgifts.com/wp-content/uploads/2025/03/IMG_9756.jpg, https://findgolfgifts.com/wp-content/uploads/2025/03/IMG_9756.jpg",,,,,,,,,0,,,,,,
2121,simple,25P,,"NEBRASKA CORN HUSKERS",1,0,visible,,,,,taxable,,1,,,0,0,,,,,1,,,27.95,"All Products, Special Desk Top Stand and Ball Mark Holder for COLLEGIATE GOLF BALLS (Balls\, Stand\, Ball Marks all sold together)",,,"https://findgolfgifts.com/wp-content/uploads/2025/03/NEBRASKA-CORN-HUSKERS3.jpg, https://findgolfgifts.com/wp-content/uploads/2025/03/NEBRASKA-CORN-HUSKERS1.jpg, https://findgolfgifts.com/wp-content/uploads/2025/03/NEBRASKA-CORN-HUSKERS2.jpg, https://findgolfgifts.com/wp-content/uploads/2025/03/NEBRASKA-CORN-HUSKERS4.jpg",,,,,,,,,0,,,,,,
2122,simple,26P,,"NORTH CAROLINA TARHEELS",1,0,visible,,,,,taxable,,1,,,0,0,,,,,1,,,27.95,"All Products, Special Desk Top Stand and Ball Mark Holder for COLLEGIATE GOLF BALLS (Balls\, Stand\, Ball Marks all sold together)",,,"https://findgolfgifts.com/wp-content/uploads/2025/03/NORTH-CAROLINA-TARHEELS4.jpg, https://findgolfgifts.com/wp-content/uploads/2025/03/NORTH-CAROLINA-TARHEELS3.jpg, https://findgolfgifts.com/wp-content/uploads/2025/03/NORTH-CAROLINA-TARHEELS1.jpg, https://findgolfgifts.com/wp-content/uploads/2025/03/NORTH-CAROLINA-TARHEELS2.jpg",,,,,,,,,0,,,,,,
2123,simple,30G,,"OHIO STATE UNIVERSITY BUCKEYES",1,0,visible,,,,,taxable,,1,,,0,0,,,,,1,,,27.95,"All Products, Special Desk Top Stand and Ball Mark Holder for COLLEGIATE GOLF BALLS (Balls\, Stand\, Ball Marks all sold together)",,,"https://findgolfgifts.com/wp-content/uploads/2025/03/OHIO-STATE-UNIVERSITY-BUCKEYES3.jpg, https://findgolfgifts.com/wp-content/uploads/2025/03/OHIO-STATE-UNIVERSITY-BUCKEYES1.jpg, https://findgolfgifts.com/wp-content/uploads/2025/03/OHIO-STATE-UNIVERSITY-BUCKEYES2.jpg, https://findgolfgifts.com/wp-content/uploads/2025/03/OHIO-STATE-UNIVERSITY-BUCKEYES4.jpg",,,,,,,,,0,,,,,,
2124,simple,27P,,"OKLAHOMA SOONERS",1,0,visible,,,,,taxable,,1,,,0,0,,,,,1,,,27.95,"All Products, Special Desk Top Stand and Ball Mark Holder for COLLEGIATE GOLF BALLS (Balls\, Stand\, Ball Marks all sold together)",,,"https://findgolfgifts.com/wp-content/uploads/2025/03/OKLAHOMA-SOONERS3.jpg, https://findgolfgifts.com/wp-content/uploads/2025/03/OKLAHOMA-SOONERS1.jpg, https://findgolfgifts.com/wp-content/uploads/2025/03/OKLAHOMA-SOONERS2.jpg, https://findgolfgifts.com/wp-content/uploads/2025/03/OKLAHOMA-SOONERS4.jpg",,,,,,,,,0,,,,,,
2125,simple,29G,,"PENN STATE UNIVERSITY NITTANY LIONS",1,0,visible,,,,,taxable,,1,,,0,0,,,,,1,,,27.95,"All Products, Special Desk Top Stand and Ball Mark Holder for COLLEGIATE GOLF BALLS (Balls\, Stand\, Ball Marks all sold together)",,,"https://findgolfgifts.com/wp-content/uploads/2025/03/PENN-STATE-UNIVERSITY-NITTANY-LIONS3.jpg, https://findgolfgifts.com/wp-content/uploads/2025/03/PENN-STATE-UNIVERSITY-NITTANY-LIONS4.jpg, https://findgolfgifts.com/wp-content/uploads/2025/03/PENN-STATE-UNIVERSITY-NITTANY-LIONS1.jpg, https://findgolfgifts.com/wp-content/uploads/2025/03/PENN-STATE-UNIVERSITY-NITTANY-LIONS2.jpg",,,,,,,,,0,,,,,,
2126,simple,28P,,"RUTGERS SCARLETT KNIGHTS",1,0,visible,,,,,taxable,,1,,,0,0,,,,,1,,,27.95,"All Products, Special Desk Top Stand and Ball Mark Holder for COLLEGIATE GOLF BALLS (Balls\, Stand\, Ball Marks all sold together)",,,"https://findgolfgifts.com/wp-content/uploads/2025/03/RUTGERS-SCARLETT-KNIGHTS3.jpg, https://findgolfgifts.com/wp-content/uploads/2025/03/RUTGERS-SCARLETT-KNIGHTS1.jpg, https://findgolfgifts.com/wp-content/uploads/2025/03/RUTGERS-SCARLETT-KNIGHTS2.jpg, https://findgolfgifts.com/wp-content/uploads/2025/03/RUTGERS-SCARLETT-KNIGHTS4.jpg",,,,,,,,,0,,,,,,
2127,simple,29P,,"UNITED STATES MARINES",1,0,visible,,,,,taxable,,1,,,0,0,,,,,1,,,27.95,"All Products, Special Desk Top Stand and Ball Mark Holder for COLLEGIATE GOLF BALLS (Balls\, Stand\, Ball Marks all sold together)",,,"https://findgolfgifts.com/wp-content/uploads/2025/03/UNITED-STATES-MARINES3.jpg, https://findgolfgifts.com/wp-content/uploads/2025/03/UNITED-STATES-MARINES4.jpg, https://findgolfgifts.com/wp-content/uploads/2025/03/UNITED-STATES-MARINES1.jpg, https://findgolfgifts.com/wp-content/uploads/2025/03/UNITED-STATES-MARINES2.jpg",,,,,,,,,0,,,,,,
2128,simple,30P,,"WASHINGTON HUSKIES",1,0,visible,,,,,taxable,,1,,,0,0,,,,,1,,,27.95,"All Products, Special Desk Top Stand and Ball Mark Holder for COLLEGIATE GOLF BALLS (Balls\, Stand\, Ball Marks all sold together)",,,"https://findgolfgifts.com/wp-content/uploads/2025/03/WASHINGTON-HUSKIES3.jpg, https://findgolfgifts.com/wp-content/uploads/2025/03/WASHINGTON-HUSKIES1.jpg, https://findgolfgifts.com/wp-content/uploads/2025/03/WASHINGTON-HUSKIES2.jpg, https://findgolfgifts.com/wp-content/uploads/2025/03/WASHINGTON-HUSKIES4.jpg",,,,,,,,,0,,,,,,
2191,variation,,,"BallBoon<sup>TM</sup> - Silver",1,0,visible,,,,,taxable,parent,1,,,0,0,,,,,0,,,14.95,,,,,,,PI-L03,,,,,,1,,,Color,Silver,,0
2192,variation,,,"BallBoon<sup>TM</sup> - Red",1,0,visible,,,,,taxable,parent,1,,,0,0,,,,,0,,,14.95,,,,,,,PI-L03,,,,,,2,,,Color,Red,,0
2193,variation,,,"BallBoon<sup>TM</sup> - Gold",1,0,visible,,,,,taxable,parent,1,,,0,0,,,,,0,,,14.95,,,,,,,PI-L03,,,,,,3,,,Color,Gold,,0
2220,simple,5P,,"Links Walker ProVictory Golf Balls",1,0,visible,,,,,taxable,,1,,,0,0,,,,,1,,,11.95,"All Products, All Products > PRODUCTS FROM OTHER MANUFACTURERS",,,https://findgolfgifts.com/wp-content/uploads/2025/03/lw_3_product_text-e1743020600222.png,,,,,,,,,0,,,,,,
2525,simple,1P,,"Putter Assist",1,0,visible,,"The Putter Assist inserts into the end of the putter.  Now that the end of the putter has a metal insert, it can pick up magnetic Golf Towels from the green.",,,taxable,,1,,,0,0,,,,,1,,,4.95,"All Products > PRODUCTS FROM OTHER MANUFACTURERS, All Products",,,https://findgolfgifts.com/wp-content/uploads/2025/05/IMG_9602-1.jpg,,,,,,,,,0,,,,,,
2589,simple,23Y,,"OrbTee Golf Tee Holder",1,0,visible,"The Orb Tees are not a product of Pinter Industries, but carry our special nickname for them! Because of their large round heads and compatibility to our TeeOrb(R) product, this special Tee is often marketed and sold as the OrbTee(TM)! Their .185 shaft width, large tee head, and overall good durability, make them a very popular golf tee for many golfers.",,,,taxable,,1,,,0,0,,,,,1,,,9.95,"All Products, All Products > PRODUCTS FROM OTHER MANUFACTURERS",,,https://findgolfgifts.com/wp-content/uploads/2024/11/PinterInd_3E_TeeOrb6_0001-scaled.jpg,,,,,,,,,0,,,,,,
2592,simple,24Y,,"RED TEE SNAKE",1,0,visible,"Please don’t let golf Tee manufacturers tell you the perfect height of your golf tee. By using the Tee Snake, you simply cut off the correct number of “Tee Snake Ribs” that work for you and slide them on your golf Tee. The Tee Snake was designed for the very common .185” Tee shaft and consequently works with several golf tee brands. Experiment with your favorite Golf Tee until the height is just right. The Tee Snake also helps protects your Tees and your clubs by provided a soft springy cushion. The RED color is a great contrast to the white golf tees and makes it easier to find your tee.",,,,taxable,,1,,,0,0,,,,,1,,,11.95,"All Products, All Products > OTHER CURRENT PRODUCTS",,,"https://findgolfgifts.com/wp-content/uploads/2024/12/PinterInd_3AR_RedTeeSnake_0002-scaled.jpg, https://findgolfgifts.com/wp-content/uploads/2024/12/PinterInd_3AR_RedTeeSnake_0003.webp, https://findgolfgifts.com/wp-content/uploads/2024/12/PinterInd_3AR_RedTeeSnake_0001.webp, https://findgolfgifts.com/wp-content/uploads/2024/12/PinterInd_3AR_RedTeeSnake_0004.webp",,,,,,,,,0,,,,,,
2596,simple,26Y,,"YELLOW TEE SNAKE",1,0,visible,"Please don’t let golf Tee manufacturers tell you the perfect height of your golf tee. By using the Tee Snake, you simply cut off the correct number of “Tee Snake Ribs” that work for you and slide them on your golf Tee. The Tee Snake was designed for the very common .185” Tee shaft and consequently works with several golf tee brands. Experiment with your favorite Golf Tee until the height is just right. The Tee Snake also helps protects your Tees and your clubs by provided a soft springy cushion. The YELLOW color is also a great contrast to the white golf tees and makes it easier to find your tee.",,,,taxable,,1,,,0,0,,,,,1,,,11.95,"All Products, All Products > OTHER CURRENT PRODUCTS",,,"https://findgolfgifts.com/wp-content/uploads/2024/12/PinterInd_3AY_YellowTeeSnake_0002.webp, https://findgolfgifts.com/wp-content/uploads/2024/12/PinterInd_3AY_YellowTeeSnake_0001.webp, https://findgolfgifts.com/wp-content/uploads/2024/12/PinterInd_3AY_YellowTeeSnake_0003.webp, https://findgolfgifts.com/wp-content/uploads/2024/12/PinterInd_3AY_YellowTeeSnake_0004.webp",,,,,,,,,0,,,Color,"WHITE, RED, YELLOW",1,0
2618,simple,15G,,"CaddyCap(R) Golf Tees",1,0,visible,,,,,taxable,,1,,,0,0,,,,,1,,,11.95,"All Products > CADDYCAPS®",,,"https://findgolfgifts.com/wp-content/uploads/2025/07/IMG_9790.jpg, https://findgolfgifts.com/wp-content/uploads/2025/07/IMG_9790.jpg",,,,,,,,,0,,,,,,
2620,simple,7P,,"Stainless Steel Divot Repair Tool",1,0,visible,,,,,taxable,,1,,,0,0,,,,,1,,,9.95,"All Products",,,https://findgolfgifts.com/wp-content/uploads/2025/07/IMG_9761-1.jpg,,,,,,,,,0,,,,,,
2622,simple,5Y,,"RED BALLBOON(TM)",1,0,visible,,,,,taxable,,1,,,0,0,,,,,1,,,14.95,"All Products > BallBoon(TM) Magnetic GolfBall CAP",,,https://findgolfgifts.com/wp-content/uploads/2025/07/IMG_9799.jpg,,,,,,,,,0,,,,,,
2624,simple,4Y,,"GOLD BallBoon(TM)",1,0,visible,,,,,taxable,,1,,,0,0,,,,,1,,,14.95,"All Products > BallBoon(TM) Magnetic GolfBall CAP",,,https://findgolfgifts.com/wp-content/uploads/2025/07/IMG_9797.jpg,,,,,,,,,0,,,,,,
2626,simple,3Y,,"SILVER BallBoon(TM)",1,0,visible,,,,,taxable,,1,,,0,0,,,,,1,,,14.95,"All Products > BallBoon(TM) Magnetic GolfBall CAP",,,https://findgolfgifts.com/wp-content/uploads/2025/07/IMG_9796.jpg,,,,,,,,,0,,,,,,
