Title,URL,Content
About Dermlax,"https://shop.dermlax.com","Dermlax is a leading provider of dermatological products. Contact Information
Dermlax Shop Contact Information

We are here to assist you with any questions or concerns you may have about our products or your order. Please feel free to reach out to us using the contact information below.

Customer Service

For general inquiries, product information, or assistance with your order, please contact our customer service team:

Email: [shop@dermlax.com]

Address: house no. A, 120, Block 5 Gulshan-e-Iqbal, Karachi, Karachi City, Sindh 75300

Phone: +92 337 0752345

 

Social Media

Stay connected with us through our social media channels for the latest updates and promotions:

Facebook: https://bit.ly/3RSKxCQ
Instagram: https://www.instagram.com/dermlaxshop/
Feedback and Suggestions

We value your feedback and suggestions to improve our products and services. Please send your thoughts to [shop@dermlax.com].

Partnerships and Collaborations

For partnership or collaboration inquiries, please contact us at [shop@dermlax.com]."
Shipping Policy,https://shop.dermlax.com/policies/shipping-policy, "Shipping policy
Shipping Policy
Last Updated: 7/6/24
1. Order Processing Time

All orders are processed within 1-2 working days for deliveries within Karachi and 3-4 working days for deliveries outside Karachi. Orders are not shipped or delivered on weekends or holidays.

If we experience a high volume of orders, shipments may be delayed by a few days. Please allow additional days in transit for delivery. If there is a significant delay in the shipment of your order, we will contact you via email or telephone.

2. Shipping & Delivery

We only provide delivery within Pakistan. We deliver parcels through Leopards. After dispatching your parcel, we will send you the CN number, which you can use to track your parcel through the Leopards parcel tracking website.

3. Damages

Dermlax Shop is liable for any products damaged during delivery. If you receive your order damaged, please contact us immediately for assistance."
Refund Policy,https://shop.dermlax.com/policies/refund-policy,"Refund Policy
Last Updated: 7/6/24
No Refund Policy

At Dermlax Shop, we strive to provide the highest quality products and services to our customers. Due to the nature of our products, we do not offer any refunds. All sales are final.

1. No Refunds

Once an order has been placed and payment has been processed, it cannot be canceled, returned, or refunded. We encourage you to carefully review your order before completing your purchase.

2. Damaged or Defective Items

If you receive a damaged or defective item, please contact our customer service team immediately. We are liable for any products damaged during delivery and will work with you to resolve the issue.

Changes:

We reserve the right to update or modify these policies at any time without prior notice. Your continued use of the Site after any changes or modifications constitutes your acceptance of the updated Terms and Conditions."